NVDA,AAPL,MSFT,GOOGL,AVGO,GOOG,META,ASML,COST,CSCO,AZN,MU,TMUS,PEP,LRCX,LIN,QCOM,INTC,INTU,AMAT,BKNG,AMGN,KLAC,GILD,TXN,HON,MELI,CEG,ADI,ADP,CMCSA,SBUX,MDLZ,CTAS,MAR,TRI,CSX,AEP,NXPI,ROST,PCAR,EA,ROP,XEL,BKR,FAST,EXC,PAYX,FANG,CCEP,KDP,CTSH,GEHC,MCHP,VRSK,ODFL,KHC,CDW
0.139,0.12279999999999999,0.1109,0.057,0.052300000000000006,0.0533,0.046,0.012,0.0123,0.009399999999999999,0.0085,0.0073,0.0073,0.0060999999999999995,0.005600000000000001,0.006,0.0054,0.0051,0.005600000000000001,0.005600000000000001,0.0046,0.005600000000000001,0.004699999999999999,0.0048,0.0044,0.0037,0.003,0.0034999999999999996,0.0034999999999999996,0.0031,0.003,0.003,0.0022,0.0023,0.0024,0.0018,0.0019,0.002,0.0015,0.0016,0.0016,0.0016,0.0015,0.0015,0.0015,0.0014000000000000002,0.0014000000000000002,0.0012,0.0013,0.0012,0.0011,0.0011,0.001,0.0008,0.001,0.0008,0.0009,0.0006
