NVDA,AAPL,MSFT,GOOGL,AVGO,GOOG,META,ASML,COST,CSCO,AZN,MU,TMUS,PEP,LRCX,LIN,QCOM,INTC,INTU,AMAT,BKNG,AMGN,KLAC,GILD,TXN,HON,MELI,CEG,ADI,ADP,CMCSA,SBUX,MDLZ,CTAS,MAR,TRI,CSX,AEP,NXPI,ROST,PCAR,EA,ROP,XEL,BKR,FAST,EXC,PAYX,FANG,CCEP,KDP,CTSH,GEHC,MCHP,VRSK,ODFL,KHC,CDW
0.18251050420168066,0.1612394957983193,0.1456144957983193,0.07484243697478991,0.06867121848739496,0.06998424369747899,0.06039915966386554,0.015756302521008403,0.01615021008403361,0.012342436974789914,0.011160714285714286,0.009585084033613444,0.009585084033613444,0.008009453781512604,0.007352941176470589,0.007878151260504201,0.0070903361344537815,0.006696428571428571,0.007352941176470589,0.007352941176470589,0.006039915966386554,0.007352941176470589,0.006171218487394957,0.006302521008403361,0.005777310924369748,0.0048581932773109245,0.003939075630252101,0.004595588235294117,0.004595588235294117,0.004070378151260504,0.003939075630252101,0.003939075630252101,0.002888655462184874,0.003019957983193277,0.0031512605042016803,0.0023634453781512603,0.0024947478991596637,0.002626050420168067,0.0019695378151260504,0.0021008403361344537,0.0021008403361344537,0.0021008403361344537,0.0019695378151260504,0.0019695378151260504,0.0019695378151260504,0.0018382352941176473,0.0018382352941176473,0.0015756302521008402,0.0017069327731092435,0.0015756302521008402,0.001444327731092437,0.001444327731092437,0.0013130252100840335,0.0010504201680672268,0.0013130252100840335,0.0010504201680672268,0.0011817226890756302,0.0007878151260504201
